Description,quantity
WORLD WAR 2 GLIDERS ASSTD DESIGNS,96736
WHITE HANGING HEART T-LIGHT HOLDER,84446
"PAPER CRAFT , LITTLE BIRDIE",80995
MEDIUM CERAMIC TOP STORAGE JAR,76919
ASSORTED COLOUR BIRD ORNAMENT,72577
BROCADE RING PURSE,69714
JUMBO BAG RED RETROSPOT,67526
PACK OF 60 PINK PAISLEY CAKE CASES,44968
60 TEATIME FAIRY CAKE CASES,40144
SMALL POPCORN HOLDER,39202
ASSORTED COLOURS SILK FAN,36518
VICTORIAN GLASS HANGING T-LIGHT,36511
COLOUR GLASS T-LIGHT HOLDER HANGING,36214
PACK OF 12 LONDON TISSUES,35450
PACK OF 72 RETRO SPOT CAKE CASES,35320
JUMBO BAG STRAWBERRY,33753
PACK OF 72 SKULL CAKE CASES,33213
PACK OF 72 RETROSPOT CAKE CASES,30997
STRAWBERRY CERAMIC TRINKET BOX,30582
GIRLS ALPHABET IRON ON PATCHES,30048
